"module name","license","repository"
"@0no-co/graphql.web@1.2.0","MIT","https://github.com/0no-co/graphql.web"
"@babel/code-frame@7.10.4","MIT","https://github.com/babel/babel"
"@babel/code-frame@7.28.6","MIT","https://github.com/babel/babel"
"@babel/code-frame@7.29.0","MIT","https://github.com/babel/babel"
"@babel/compat-data@7.28.6","MIT","https://github.com/babel/babel"
"@babel/core@7.28.6","MIT","https://github.com/babel/babel"
"@babel/generator@7.28.6","MIT","https://github.com/babel/babel"
"@babel/helper-annotate-as-pure@7.27.3","MIT","https://github.com/babel/babel"
"@babel/helper-compilation-targets@7.28.6","MIT","https://github.com/babel/babel"
"@babel/helper-create-class-features-plugin@7.28.6","MIT","https://github.com/babel/babel"
"@babel/helper-create-regexp-features-plugin@7.28.5","MIT","https://github.com/babel/babel"
"@babel/helper-define-polyfill-provider@0.6.5","MIT","https://github.com/babel/babel-polyfills"
"@babel/helper-globals@7.28.0","MIT","https://github.com/babel/babel"
"@babel/helper-member-expression-to-functions@7.28.5","MIT","https://github.com/babel/babel"
"@babel/helper-module-imports@7.28.6","MIT","https://github.com/babel/babel"
"@babel/helper-module-transforms@7.28.6","MIT","https://github.com/babel/babel"
"@babel/helper-optimise-call-expression@7.27.1","MIT","https://github.com/babel/babel"
"@babel/helper-plugin-utils@7.28.6","MIT","https://github.com/babel/babel"
"@babel/helper-remap-async-to-generator@7.27.1","MIT","https://github.com/babel/babel"
"@babel/helper-replace-supers@7.28.6","MIT","https://github.com/babel/babel"
"@babel/helper-skip-transparent-expression-wrappers@7.27.1","MIT","https://github.com/babel/babel"
"@babel/helper-string-parser@7.27.1","MIT","https://github.com/babel/babel"
"@babel/helper-validator-identifier@7.28.5","MIT","https://github.com/babel/babel"
"@babel/helper-validator-option@7.27.1","MIT","https://github.com/babel/babel"
"@babel/helper-wrap-function@7.28.6","MIT","https://github.com/babel/babel"
"@babel/helpers@7.28.6","MIT","https://github.com/babel/babel"
"@babel/highlight@7.25.9","MIT","https://github.com/babel/babel"
"@babel/parser@7.28.6","MIT","https://github.com/babel/babel"
"@babel/plugin-proposal-decorators@7.28.6","MIT","https://github.com/babel/babel"
"@babel/plugin-proposal-export-default-from@7.27.1","MIT","https://github.com/babel/babel"
"@babel/plugin-syntax-async-generators@7.8.4","MIT","https://github.com/babel/babel/tree/master/packages/babel-plugin-syntax-async-generators"
"@babel/plugin-syntax-bigint@7.8.3","MIT","https://github.com/babel/babel/tree/master/packages/babel-plugin-syntax-bigint"
"@babel/plugin-syntax-class-properties@7.12.13","MIT","https://github.com/babel/babel"
"@babel/plugin-syntax-class-static-block@7.14.5","MIT","https://github.com/babel/babel"
"@babel/plugin-syntax-decorators@7.28.6","MIT","https://github.com/babel/babel"
"@babel/plugin-syntax-dynamic-import@7.8.3","MIT","https://github.com/babel/babel/tree/master/packages/babel-plugin-syntax-dynamic-import"
"@babel/plugin-syntax-export-default-from@7.28.6","MIT","https://github.com/babel/babel"
"@babel/plugin-syntax-flow@7.28.6","MIT","https://github.com/babel/babel"
"@babel/plugin-syntax-import-attributes@7.28.6","MIT","https://github.com/babel/babel"
"@babel/plugin-syntax-import-meta@7.10.4","MIT","https://github.com/babel/babel"
"@babel/plugin-syntax-json-strings@7.8.3","MIT","https://github.com/babel/babel/tree/master/packages/babel-plugin-syntax-json-strings"
"@babel/plugin-syntax-jsx@7.28.6","MIT","https://github.com/babel/babel"
"@babel/plugin-syntax-logical-assignment-operators@7.10.4","MIT","https://github.com/babel/babel"
"@babel/plugin-syntax-nullish-coalescing-operator@7.8.3","MIT","https://github.com/babel/babel/tree/master/packages/babel-plugin-syntax-nullish-coalescing-operator"
"@babel/plugin-syntax-numeric-separator@7.10.4","MIT","https://github.com/babel/babel"
"@babel/plugin-syntax-object-rest-spread@7.8.3","MIT","https://github.com/babel/babel/tree/master/packages/babel-plugin-syntax-object-rest-spread"
"@babel/plugin-syntax-optional-catch-binding@7.8.3","MIT","https://github.com/babel/babel/tree/master/packages/babel-plugin-syntax-optional-catch-binding"
"@babel/plugin-syntax-optional-chaining@7.8.3","MIT","https://github.com/babel/babel/tree/master/packages/babel-plugin-syntax-optional-chaining"
"@babel/plugin-syntax-private-property-in-object@7.14.5","MIT","https://github.com/babel/babel"
"@babel/plugin-syntax-top-level-await@7.14.5","MIT","https://github.com/babel/babel"
"@babel/plugin-syntax-typescript@7.28.6","MIT","https://github.com/babel/babel"
"@babel/plugin-transform-arrow-functions@7.27.1","MIT","https://github.com/babel/babel"
"@babel/plugin-transform-async-generator-functions@7.28.6","MIT","https://github.com/babel/babel"
"@babel/plugin-transform-async-to-generator@7.28.6","MIT","https://github.com/babel/babel"
"@babel/plugin-transform-block-scoping@7.28.6","MIT","https://github.com/babel/babel"
"@babel/plugin-transform-class-properties@7.28.6","MIT","https://github.com/babel/babel"
"@babel/plugin-transform-class-static-block@7.28.6","MIT","https://github.com/babel/babel"
"@babel/plugin-transform-classes@7.28.6","MIT","https://github.com/babel/babel"
"@babel/plugin-transform-computed-properties@7.28.6","MIT","https://github.com/babel/babel"
"@babel/plugin-transform-destructuring@7.28.5","MIT","https://github.com/babel/babel"
"@babel/plugin-transform-export-namespace-from@7.27.1","MIT","https://github.com/babel/babel"
"@babel/plugin-transform-flow-strip-types@7.27.1","MIT","https://github.com/babel/babel"
"@babel/plugin-transform-for-of@7.27.1","MIT","https://github.com/babel/babel"
"@babel/plugin-transform-function-name@7.27.1","MIT","https://github.com/babel/babel"
"@babel/plugin-transform-literals@7.27.1","MIT","https://github.com/babel/babel"
"@babel/plugin-transform-logical-assignment-operators@7.28.6","MIT","https://github.com/babel/babel"
"@babel/plugin-transform-modules-commonjs@7.28.6","MIT","https://github.com/babel/babel"
"@babel/plugin-transform-named-capturing-groups-regex@7.27.1","MIT","https://github.com/babel/babel"
"@babel/plugin-transform-nullish-coalescing-operator@7.28.6","MIT","https://github.com/babel/babel"
"@babel/plugin-transform-numeric-separator@7.28.6","MIT","https://github.com/babel/babel"
"@babel/plugin-transform-object-rest-spread@7.28.6","MIT","https://github.com/babel/babel"
"@babel/plugin-transform-optional-catch-binding@7.28.6","MIT","https://github.com/babel/babel"
"@babel/plugin-transform-optional-chaining@7.28.6","MIT","https://github.com/babel/babel"
"@babel/plugin-transform-parameters@7.27.7","MIT","https://github.com/babel/babel"
"@babel/plugin-transform-private-methods@7.28.6","MIT","https://github.com/babel/babel"
"@babel/plugin-transform-private-property-in-object@7.28.6","MIT","https://github.com/babel/babel"
"@babel/plugin-transform-react-display-name@7.28.0","MIT","https://github.com/babel/babel"
"@babel/plugin-transform-react-jsx-development@7.27.1","MIT","https://github.com/babel/babel"
"@babel/plugin-transform-react-jsx-self@7.27.1","MIT","https://github.com/babel/babel"
"@babel/plugin-transform-react-jsx-source@7.27.1","MIT","https://github.com/babel/babel"
"@babel/plugin-transform-react-jsx@7.28.6","MIT","https://github.com/babel/babel"
"@babel/plugin-transform-react-pure-annotations@7.27.1","MIT","https://github.com/babel/babel"
"@babel/plugin-transform-regenerator@7.28.6","MIT","https://github.com/babel/babel"
"@babel/plugin-transform-runtime@7.28.5","MIT","https://github.com/babel/babel"
"@babel/plugin-transform-shorthand-properties@7.27.1","MIT","https://github.com/babel/babel"
"@babel/plugin-transform-spread@7.28.6","MIT","https://github.com/babel/babel"
"@babel/plugin-transform-sticky-regex@7.27.1","MIT","https://github.com/babel/babel"
"@babel/plugin-transform-template-literals@7.27.1","MIT","https://github.com/babel/babel"
"@babel/plugin-transform-typescript@7.28.6","MIT","https://github.com/babel/babel"
"@babel/plugin-transform-unicode-regex@7.27.1","MIT","https://github.com/babel/babel"
"@babel/preset-react@7.28.5","MIT","https://github.com/babel/babel"
"@babel/preset-typescript@7.28.5","MIT","https://github.com/babel/babel"
"@babel/runtime@7.28.6","MIT","https://github.com/babel/babel"
"@babel/template@7.28.6","MIT","https://github.com/babel/babel"
"@babel/traverse@7.28.6","MIT","https://github.com/babel/babel"
"@babel/types@7.28.6","MIT","https://github.com/babel/babel"
"@egjs/hammerjs@2.0.17","MIT","https://github.com/naver/hammer.js"
"@expo/cli@54.0.23","MIT","https://github.com/expo/expo"
"@expo/code-signing-certificates@0.0.6","MIT","https://github.com/expo/code-signing-certificates"
"@expo/config-plugins@54.0.4","MIT","https://github.com/expo/expo"
"@expo/config-types@54.0.10","MIT","https://github.com/expo/expo"
"@expo/config@12.0.13","MIT","https://github.com/expo/expo"
"@expo/devcert@1.2.1","MIT","https://github.com/expo/devcert"
"@expo/devtools@0.1.8","MIT","https://github.com/expo/expo"
"@expo/env@2.0.8","MIT","https://github.com/expo/expo"
"@expo/fingerprint@0.15.4","MIT","https://github.com/expo/expo"
"@expo/image-utils@0.8.8","MIT","https://github.com/expo/expo"
"@expo/json-file@10.0.8","MIT","https://github.com/expo/expo"
"@expo/metro-config@54.0.14","MIT","https://github.com/expo/expo"
"@expo/metro@54.2.0","MIT","https://github.com/expo/expo-metro"
"@expo/osascript@2.3.8","MIT","https://github.com/expo/expo"
"@expo/package-manager@1.9.10","MIT","https://github.com/expo/expo"
"@expo/plist@0.4.8","MIT","https://github.com/expo/expo"
"@expo/prebuild-config@54.0.8","MIT","https://github.com/expo/expo"
"@expo/schema-utils@0.1.8","MIT","https://github.com/expo/expo"
"@expo/sdk-runtime-versions@1.0.0","MIT",""
"@expo/spawn-async@1.7.2","MIT","https://github.com/expo/spawn-async"
"@expo/sudo-prompt@9.3.2","MIT","https://github.com/expo/sudo-prompt"
"@expo/vector-icons@15.0.3","MIT","https://github.com/expo/vector-icons"
"@expo/ws-tunnel@1.0.6","MIT",""
"@expo/xcpretty@4.4.0","BSD-3-Clause","https://github.com/expo/expo-cli"
"@gorhom/bottom-sheet@5.2.8","MIT","https://github.com/gorhom/react-native-bottom-sheet"
"@gorhom/portal@1.0.14","MIT","https://github.com/gorhom/react-native-portal"
"@ide/backoff@1.0.0","MIT","https://github.com/ide/backoff"
"@isaacs/balanced-match@4.0.1","MIT","https://github.com/isaacs/balanced-match"
"@isaacs/brace-expansion@5.0.1","MIT",""
"@isaacs/fs-minipass@4.0.1","ISC","https://github.com/npm/fs-minipass"
"@isaacs/ttlcache@1.4.1","ISC","https://github.com/isaacs/ttlcache"
"@istanbuljs/load-nyc-config@1.1.0","ISC","https://github.com/istanbuljs/load-nyc-config"
"@istanbuljs/schema@0.1.3","MIT","https://github.com/istanbuljs/schema"
"@jest/create-cache-key-function@29.7.0","MIT","https://github.com/jestjs/jest"
"@jest/environment@29.7.0","MIT","https://github.com/jestjs/jest"
"@jest/fake-timers@29.7.0","MIT","https://github.com/jestjs/jest"
"@jest/schemas@29.6.3","MIT","https://github.com/jestjs/jest"
"@jest/transform@29.7.0","MIT","https://github.com/jestjs/jest"
"@jest/types@29.6.3","MIT","https://github.com/jestjs/jest"
"@jridgewell/gen-mapping@0.3.13","MIT","https://github.com/jridgewell/sourcemaps"
"@jridgewell/remapping@2.3.5","MIT","https://github.com/jridgewell/sourcemaps"
"@jridgewell/resolve-uri@3.1.2","MIT","https://github.com/jridgewell/resolve-uri"
"@jridgewell/source-map@0.3.11","MIT","https://github.com/jridgewell/sourcemaps"
"@jridgewell/sourcemap-codec@1.5.5","MIT","https://github.com/jridgewell/sourcemaps"
"@jridgewell/trace-mapping@0.3.31","MIT","https://github.com/jridgewell/sourcemaps"
"@react-native-async-storage/async-storage@2.2.0","MIT","https://github.com/react-native-async-storage/async-storage"
"@react-native/assets-registry@0.81.5","MIT","https://github.com/facebook/react-native"
"@react-native/babel-plugin-codegen@0.81.5","MIT","https://github.com/facebook/react-native"
"@react-native/babel-preset@0.81.5","MIT","https://github.com/facebook/react-native"
"@react-native/codegen@0.81.5","MIT","https://github.com/facebook/react-native"
"@react-native/community-cli-plugin@0.81.5","MIT","https://github.com/facebook/react-native"
"@react-native/debugger-frontend@0.81.5","BSD-3-Clause","https://github.com/facebook/react-native"
"@react-native/dev-middleware@0.81.5","MIT","https://github.com/facebook/react-native"
"@react-native/gradle-plugin@0.81.5","MIT","https://github.com/facebook/react-native"
"@react-native/js-polyfills@0.81.5","MIT","https://github.com/facebook/react-native"
"@react-native/normalize-colors@0.81.5","MIT","https://github.com/facebook/react-native"
"@react-native/virtualized-lists@0.81.5","MIT","https://github.com/facebook/react-native"
"@sinclair/typebox@0.27.8","MIT","https://github.com/sinclairzx81/typebox"
"@sinonjs/commons@3.0.1","BSD-3-Clause","https://github.com/sinonjs/commons"
"@sinonjs/fake-timers@10.3.0","BSD-3-Clause","https://github.com/sinonjs/fake-timers"
"@supabase/auth-js@2.90.1","MIT","https://github.com/supabase/supabase-js"
"@supabase/functions-js@2.90.1","MIT","https://github.com/supabase/supabase-js"
"@supabase/postgrest-js@2.90.1","MIT","https://github.com/supabase/supabase-js"
"@supabase/realtime-js@2.90.1","MIT","https://github.com/supabase/supabase-js"
"@supabase/storage-js@2.90.1","MIT","https://github.com/supabase/supabase-js"
"@supabase/supabase-js@2.90.1","MIT","https://github.com/supabase/supabase-js"
"@types/babel__core@7.20.5","MIT","https://github.com/DefinitelyTyped/DefinitelyTyped"
"@types/babel__generator@7.27.0","MIT","https://github.com/DefinitelyTyped/DefinitelyTyped"
"@types/babel__template@7.4.4","MIT","https://github.com/DefinitelyTyped/DefinitelyTyped"
"@types/babel__traverse@7.28.0","MIT","https://github.com/DefinitelyTyped/DefinitelyTyped"
"@types/geojson@7946.0.16","MIT","https://github.com/DefinitelyTyped/DefinitelyTyped"
"@types/graceful-fs@4.1.9","MIT","https://github.com/DefinitelyTyped/DefinitelyTyped"
"@types/hammerjs@2.0.46","MIT","https://github.com/DefinitelyTyped/DefinitelyTyped"
"@types/istanbul-lib-coverage@2.0.6","MIT","https://github.com/DefinitelyTyped/DefinitelyTyped"
"@types/istanbul-lib-report@3.0.3","MIT","https://github.com/DefinitelyTyped/DefinitelyTyped"
"@types/istanbul-reports@3.0.4","MIT","https://github.com/DefinitelyTyped/DefinitelyTyped"
"@types/node@25.0.8","MIT","https://github.com/DefinitelyTyped/DefinitelyTyped"
"@types/phoenix@1.6.7","MIT","https://github.com/DefinitelyTyped/DefinitelyTyped"
"@types/react@19.1.17","MIT","https://github.com/DefinitelyTyped/DefinitelyTyped"
"@types/stack-utils@2.0.3","MIT","https://github.com/DefinitelyTyped/DefinitelyTyped"
"@types/ws@8.18.1","MIT","https://github.com/DefinitelyTyped/DefinitelyTyped"
"@types/yargs-parser@21.0.3","MIT","https://github.com/DefinitelyTyped/DefinitelyTyped"
"@types/yargs@17.0.35","MIT","https://github.com/DefinitelyTyped/DefinitelyTyped"
"@ungap/structured-clone@1.3.0","ISC","https://github.com/ungap/structured-clone"
"@urql/core@5.2.0","MIT","https://github.com/urql-graphql/urql"
"@urql/exchange-retry@1.3.2","MIT","https://github.com/urql-graphql/urql"
"@xmldom/xmldom@0.8.11","MIT","https://github.com/xmldom/xmldom"
"abort-controller@3.0.0","MIT","https://github.com/mysticatea/abort-controller"
"accepts@1.3.8","MIT","https://github.com/jshttp/accepts"
"acorn@8.15.0","MIT","https://github.com/acornjs/acorn"
"agent-base@7.1.4","MIT","https://github.com/TooTallNate/proxy-agents"
"ajv@8.17.1","MIT","https://github.com/ajv-validator/ajv"
"anser@1.4.10","MIT","https://github.com/IonicaBizau/anser"
"ansi-escapes@4.3.2","MIT","https://github.com/sindresorhus/ansi-escapes"
"ansi-regex@4.1.1","MIT","https://github.com/chalk/ansi-regex"
"ansi-regex@5.0.1","MIT","https://github.com/chalk/ansi-regex"
"ansi-styles@3.2.1","MIT","https://github.com/chalk/ansi-styles"
"ansi-styles@4.3.0","MIT","https://github.com/chalk/ansi-styles"
"ansi-styles@5.2.0","MIT","https://github.com/chalk/ansi-styles"
"any-promise@1.3.0","MIT","https://github.com/kevinbeaty/any-promise"
"anymatch@3.1.3","ISC","https://github.com/micromatch/anymatch"
"arg@5.0.2","MIT","https://github.com/vercel/arg"
"argparse@1.0.10","MIT","https://github.com/nodeca/argparse"
"argparse@2.0.1","Python-2.0","https://github.com/nodeca/argparse"
"asap@2.0.6","MIT","https://github.com/kriskowal/asap"
"assert@2.1.0","MIT","https://github.com/browserify/commonjs-assert"
"async-limiter@1.0.1","MIT","https://github.com/strml/async-limiter"
"available-typed-arrays@1.0.7","MIT","https://github.com/inspect-js/available-typed-arrays"
"babel-jest@29.7.0","MIT","https://github.com/jestjs/jest"
"babel-plugin-istanbul@6.1.1","BSD-3-Clause","https://github.com/istanbuljs/babel-plugin-istanbul"
"babel-plugin-jest-hoist@29.6.3","MIT","https://github.com/jestjs/jest"
"babel-plugin-polyfill-corejs2@0.4.14","MIT","https://github.com/babel/babel-polyfills"
"babel-plugin-polyfill-corejs3@0.13.0","MIT","https://github.com/babel/babel-polyfills"
"babel-plugin-polyfill-regenerator@0.6.5","MIT","https://github.com/babel/babel-polyfills"
"babel-plugin-react-compiler@1.0.0","MIT","https://github.com/facebook/react"
"babel-plugin-react-native-web@0.21.2","MIT","https://github.com/necolas/react-native-web"
"babel-plugin-syntax-hermes-parser@0.29.1","MIT","https://github.com/facebook/hermes"
"babel-plugin-transform-flow-enums@0.0.2","MIT","https://github.com/facebook/flow"
"babel-preset-current-node-syntax@1.2.0","MIT","https://github.com/nicolo-ribaudo/babel-preset-current-node-syntax"
"babel-preset-expo@54.0.10","MIT","https://github.com/expo/expo"
"babel-preset-jest@29.6.3","MIT","https://github.com/jestjs/jest"
"badgin@1.2.3","MIT","https://github.com/jaulz/badgin"
"balanced-match@1.0.2","MIT","https://github.com/juliangruber/balanced-match"
"base64-js@1.5.1","MIT","https://github.com/beatgammit/base64-js"
"baseline-browser-mapping@2.9.14","Apache-2.0","https://github.com/web-platform-dx/baseline-browser-mapping"
"better-opn@3.0.2","MIT","https://github.com/ExiaSR/better-opn"
"big-integer@1.6.52","Unlicense","https://github.com/peterolson/BigInteger.js"
"bplist-creator@0.1.0","MIT","https://github.com/nearinfinity/node-bplist-creator"
"bplist-parser@0.3.1","MIT","https://github.com/nearinfinity/node-bplist-parser"
"brace-expansion@1.1.12","MIT","https://github.com/juliangruber/brace-expansion"
"brace-expansion@2.0.2","MIT","https://github.com/juliangruber/brace-expansion"
"braces@3.0.3","MIT","https://github.com/micromatch/braces"
"browserslist@4.28.1","MIT","https://github.com/browserslist/browserslist"
"bser@2.1.1","Apache-2.0","https://github.com/facebook/watchman"
"buffer-from@1.1.2","MIT","https://github.com/LinusU/buffer-from"
"buffer@5.7.1","MIT","https://github.com/feross/buffer"
"bytes@3.1.2","MIT","https://github.com/visionmedia/bytes.js"
"call-bind-apply-helpers@1.0.2","MIT","https://github.com/ljharb/call-bind-apply-helpers"
"call-bind@1.0.8","MIT","https://github.com/ljharb/call-bind"
"call-bound@1.0.4","MIT","https://github.com/ljharb/call-bound"
"camelcase@5.3.1","MIT","https://github.com/sindresorhus/camelcase"
"camelcase@6.3.0","MIT","https://github.com/sindresorhus/camelcase"
"caniuse-lite@1.0.30001764","CC-BY-4.0","https://github.com/browserslist/caniuse-lite"
"chalk@2.4.2","MIT","https://github.com/chalk/chalk"
"chalk@4.1.2","MIT","https://github.com/chalk/chalk"
"chownr@3.0.0","BlueOak-1.0.0","https://github.com/isaacs/chownr"
"chrome-launcher@0.15.2","Apache-2.0","https://github.com/GoogleChrome/chrome-launcher"
"chromium-edge-launcher@0.2.0","Apache-2.0","https://github.com/cezaraugusto/chromium-edge-launcher"
"ci-info@2.0.0","MIT","https://github.com/watson/ci-info"
"ci-info@3.9.0","MIT","https://github.com/watson/ci-info"
"cli-cursor@2.1.0","MIT","https://github.com/sindresorhus/cli-cursor"
"cli-spinners@2.9.2","MIT","https://github.com/sindresorhus/cli-spinners"
"cliui@6.0.0","ISC","https://github.com/yargs/cliui"
"cliui@8.0.1","ISC","https://github.com/yargs/cliui"
"clone@1.0.4","MIT","https://github.com/pvorb/node-clone"
"color-convert@1.9.3","MIT","https://github.com/Qix-/color-convert"
"color-convert@2.0.1","MIT","https://github.com/Qix-/color-convert"
"color-name@1.1.3","MIT","https://github.com/dfcreative/color-name"
"color-name@1.1.4","MIT","https://github.com/colorjs/color-name"
"commander@12.1.0","MIT","https://github.com/tj/commander.js"
"commander@2.20.3","MIT","https://github.com/tj/commander.js"
"commander@4.1.1","MIT","https://github.com/tj/commander.js"
"commander@7.2.0","MIT","https://github.com/tj/commander.js"
"compressible@2.0.18","MIT","https://github.com/jshttp/compressible"
"compression@1.8.1","MIT","https://github.com/expressjs/compression"
"concat-map@0.0.1","MIT","https://github.com/substack/node-concat-map"
"connect@3.7.0","MIT","https://github.com/senchalabs/connect"
"convert-source-map@2.0.0","MIT","https://github.com/thlorenz/convert-source-map"
"core-js-compat@3.47.0","MIT","https://github.com/zloirock/core-js"
"cross-spawn@7.0.6","MIT","https://github.com/moxystudio/node-cross-spawn"
"crypto-random-string@2.0.0","MIT","https://github.com/sindresorhus/crypto-random-string"
"csstype@3.2.3","MIT","https://github.com/frenic/csstype"
"debug@2.6.9","MIT","https://github.com/visionmedia/debug"
"debug@3.2.7","MIT","https://github.com/visionmedia/debug"
"debug@4.4.3","MIT","https://github.com/debug-js/debug"
"decamelize@1.2.0","MIT","https://github.com/sindresorhus/decamelize"
"deep-extend@0.6.0","MIT","https://github.com/unclechu/node-deep-extend"
"deepmerge@4.3.1","MIT","https://github.com/TehShrike/deepmerge"
"defaults@1.0.4","MIT","https://github.com/sindresorhus/node-defaults"
"define-data-property@1.1.4","MIT","https://github.com/ljharb/define-data-property"
"define-lazy-prop@2.0.0","MIT","https://github.com/sindresorhus/define-lazy-prop"
"define-properties@1.2.1","MIT","https://github.com/ljharb/define-properties"
"depd@2.0.0","MIT","https://github.com/dougwilson/nodejs-depd"
"destroy@1.2.0","MIT","https://github.com/stream-utils/destroy"
"detect-libc@2.1.2","Apache-2.0","https://github.com/lovell/detect-libc"
"dijkstrajs@1.0.3","MIT","https://github.com/tcort/dijkstrajs"
"dotenv-expand@11.0.7","BSD-2-Clause","https://github.com/motdotla/dotenv-expand"
"dotenv@16.4.7","BSD-2-Clause","https://github.com/motdotla/dotenv"
"dotenv@16.6.1","BSD-2-Clause","https://github.com/motdotla/dotenv"
"dunder-proto@1.0.1","MIT","https://github.com/es-shims/dunder-proto"
"ee-first@1.1.1","MIT","https://github.com/jonathanong/ee-first"
"electron-to-chromium@1.5.267","ISC","https://github.com/kilian/electron-to-chromium"
"emoji-regex@8.0.0","MIT","https://github.com/mathiasbynens/emoji-regex"
"encodeurl@1.0.2","MIT","https://github.com/pillarjs/encodeurl"
"encodeurl@2.0.0","MIT","https://github.com/pillarjs/encodeurl"
"env-editor@0.4.2","MIT","https://github.com/sindresorhus/env-editor"
"error-stack-parser@2.1.4","MIT","https://github.com/stacktracejs/error-stack-parser"
"es-define-property@1.0.1","MIT","https://github.com/ljharb/es-define-property"
"es-errors@1.3.0","MIT","https://github.com/ljharb/es-errors"
"es-object-atoms@1.1.1","MIT","https://github.com/ljharb/es-object-atoms"
"escalade@3.2.0","MIT","https://github.com/lukeed/escalade"
"escape-html@1.0.3","MIT","https://github.com/component/escape-html"
"escape-string-regexp@1.0.5","MIT","https://github.com/sindresorhus/escape-string-regexp"
"escape-string-regexp@2.0.0","MIT","https://github.com/sindresorhus/escape-string-regexp"
"escape-string-regexp@4.0.0","MIT","https://github.com/sindresorhus/escape-string-regexp"
"esprima@4.0.1","BSD-2-Clause","https://github.com/jquery/esprima"
"etag@1.8.1","MIT","https://github.com/jshttp/etag"
"event-target-shim@5.0.1","MIT","https://github.com/mysticatea/event-target-shim"
"exec-async@2.2.0","MIT","https://github.com/ccheever/exec-async"
"expo-application@7.0.8","MIT","https://github.com/expo/expo"
"expo-asset@12.0.12","MIT","https://github.com/expo/expo"
"expo-camera@17.0.10","MIT","https://github.com/expo/expo"
"expo-clipboard@8.0.8","MIT","https://github.com/expo/expo"
"expo-constants@18.0.13","MIT","https://github.com/expo/expo"
"expo-dev-client@6.0.20","MIT","https://github.com/expo/expo"
"expo-dev-launcher@6.0.20","MIT","https://github.com/expo/expo"
"expo-dev-menu-interface@2.0.0","MIT","https://github.com/expo/expo"
"expo-dev-menu@7.0.18","MIT","https://github.com/expo/expo"
"expo-device@8.0.10","MIT","https://github.com/expo/expo"
"expo-file-system@19.0.21","MIT","https://github.com/expo/expo"
"expo-font@14.0.11","MIT","https://github.com/expo/expo"
"expo-image-loader@6.0.0","MIT","https://github.com/expo/expo"
"expo-image-manipulator@14.0.8","MIT","https://github.com/expo/expo"
"expo-image-picker@17.0.10","MIT","https://github.com/expo/expo"
"expo-json-utils@0.15.0","MIT","https://github.com/expo/expo"
"expo-keep-awake@15.0.8","MIT","https://github.com/expo/expo"
"expo-linear-gradient@15.0.8","MIT","https://github.com/expo/expo"
"expo-location@19.0.8","MIT","https://github.com/expo/expo"
"expo-manifests@1.0.10","MIT","https://github.com/expo/expo"
"expo-modules-autolinking@3.0.24","MIT","https://github.com/expo/expo"
"expo-modules-core@3.0.29","MIT","https://github.com/expo/expo"
"expo-notifications@0.32.16","MIT","https://github.com/expo/expo"
"expo-server@1.0.5","MIT","https://github.com/expo/expo"
"expo-updates-interface@2.0.0","MIT","https://github.com/expo/expo"
"expo-web-browser@15.0.10","MIT","https://github.com/expo/expo"
"expo@54.0.33","MIT","https://github.com/expo/expo"
"exponential-backoff@3.1.3","Apache-2.0","https://github.com/coveooss/exponential-backoff"
"fast-deep-equal@3.1.3","MIT","https://github.com/epoberezkin/fast-deep-equal"
"fast-json-stable-stringify@2.1.0","MIT","https://github.com/epoberezkin/fast-json-stable-stringify"
"fast-uri@3.1.0","BSD-3-Clause","https://github.com/fastify/fast-uri"
"fb-watchman@2.0.2","Apache-2.0","https://github.com/facebook/watchman"
"fdir@6.5.0","MIT","https://github.com/thecodrr/fdir"
"fill-range@7.1.1","MIT","https://github.com/jonschlinkert/fill-range"
"finalhandler@1.1.2","MIT","https://github.com/pillarjs/finalhandler"
"find-up@4.1.0","MIT","https://github.com/sindresorhus/find-up"
"flow-enums-runtime@0.0.6","MIT","https://github.com/facebook/flow"
"fontfaceobserver@2.3.0","BSD-2-Clause","https://github.com/bramstein/fontfaceobserver"
"for-each@0.3.5","MIT","https://github.com/Raynos/for-each"
"freeport-async@2.0.0","MIT","https://github.com/expo/freeport-async"
"fresh@0.5.2","MIT","https://github.com/jshttp/fresh"
"fs.realpath@1.0.0","ISC","https://github.com/isaacs/fs.realpath"
"function-bind@1.1.2","MIT","https://github.com/Raynos/function-bind"
"generator-function@2.0.1","MIT","https://github.com/TimothyGu/generator-function"
"gensync@1.0.0-beta.2","MIT","https://github.com/loganfsmyth/gensync"
"get-caller-file@2.0.5","ISC","https://github.com/stefanpenner/get-caller-file"
"get-intrinsic@1.3.0","MIT","https://github.com/ljharb/get-intrinsic"
"get-package-type@0.1.0","MIT","https://github.com/cfware/get-package-type"
"get-proto@1.0.1","MIT","https://github.com/ljharb/get-proto"
"getenv@2.0.0","MIT","https://github.com/ctavan/node-getenv"
"glob@13.0.0","BlueOak-1.0.0","https://github.com/isaacs/node-glob"
"glob@13.0.1","BlueOak-1.0.0","https://github.com/isaacs/node-glob"
"glob@7.2.3","ISC","https://github.com/isaacs/node-glob"
"global-dirs@0.1.1","MIT","https://github.com/sindresorhus/global-dirs"
"gopd@1.2.0","MIT","https://github.com/ljharb/gopd"
"graceful-fs@4.2.11","ISC","https://github.com/isaacs/node-graceful-fs"
"has-flag@3.0.0","MIT","https://github.com/sindresorhus/has-flag"
"has-flag@4.0.0","MIT","https://github.com/sindresorhus/has-flag"
"has-property-descriptors@1.0.2","MIT","https://github.com/inspect-js/has-property-descriptors"
"has-symbols@1.1.0","MIT","https://github.com/inspect-js/has-symbols"
"has-tostringtag@1.0.2","MIT","https://github.com/inspect-js/has-tostringtag"
"hasown@2.0.2","MIT","https://github.com/inspect-js/hasOwn"
"hermes-estree@0.29.1","MIT","https://github.com/facebook/hermes"
"hermes-estree@0.32.0","MIT","https://github.com/facebook/hermes"
"hermes-parser@0.29.1","MIT","https://github.com/facebook/hermes"
"hermes-parser@0.32.0","MIT","https://github.com/facebook/hermes"
"hoist-non-react-statics@3.3.2","BSD-3-Clause","https://github.com/mridgway/hoist-non-react-statics"
"hosted-git-info@7.0.2","ISC","https://github.com/npm/hosted-git-info"
"http-errors@2.0.1","MIT","https://github.com/jshttp/http-errors"
"https-proxy-agent@7.0.6","MIT","https://github.com/TooTallNate/proxy-agents"
"iceberg-js@0.8.1","MIT","https://github.com/supabase/iceberg-js"
"ieee754@1.2.1","BSD-3-Clause","https://github.com/feross/ieee754"
"ignore@5.3.2","MIT","https://github.com/kaelzhang/node-ignore"
"image-size@1.2.1","MIT","https://github.com/image-size/image-size"
"imurmurhash@0.1.4","MIT","https://github.com/jensyt/imurmurhash-js"
"inflight@1.0.6","ISC","https://github.com/npm/inflight"
"inherits@2.0.4","ISC","https://github.com/isaacs/inherits"
"ini@1.3.8","ISC","https://github.com/isaacs/ini"
"invariant@2.2.4","MIT","https://github.com/zertosh/invariant"
"is-arguments@1.2.0","MIT","https://github.com/inspect-js/is-arguments"
"is-callable@1.2.7","MIT","https://github.com/inspect-js/is-callable"
"is-core-module@2.16.1","MIT","https://github.com/inspect-js/is-core-module"
"is-docker@2.2.1","MIT","https://github.com/sindresorhus/is-docker"
"is-fullwidth-code-point@3.0.0","MIT","https://github.com/sindresorhus/is-fullwidth-code-point"
"is-generator-function@1.1.2","MIT","https://github.com/inspect-js/is-generator-function"
"is-nan@1.3.2","MIT","https://github.com/es-shims/is-nan"
"is-number@7.0.0","MIT","https://github.com/jonschlinkert/is-number"
"is-plain-obj@2.1.0","MIT","https://github.com/sindresorhus/is-plain-obj"
"is-regex@1.2.1","MIT","https://github.com/inspect-js/is-regex"
"is-typed-array@1.1.15","MIT","https://github.com/inspect-js/is-typed-array"
"is-wsl@2.2.0","MIT","https://github.com/sindresorhus/is-wsl"
"isexe@2.0.0","ISC","https://github.com/isaacs/isexe"
"istanbul-lib-coverage@3.2.2","BSD-3-Clause","https://github.com/istanbuljs/istanbuljs"
"istanbul-lib-instrument@5.2.1","BSD-3-Clause","https://github.com/istanbuljs/istanbuljs"
"jest-environment-node@29.7.0","MIT","https://github.com/jestjs/jest"
"jest-get-type@29.6.3","MIT","https://github.com/jestjs/jest"
"jest-haste-map@29.7.0","MIT","https://github.com/jestjs/jest"
"jest-message-util@29.7.0","MIT","https://github.com/jestjs/jest"
"jest-mock@29.7.0","MIT","https://github.com/jestjs/jest"
"jest-regex-util@29.6.3","MIT","https://github.com/jestjs/jest"
"jest-util@29.7.0","MIT","https://github.com/jestjs/jest"
"jest-validate@29.7.0","MIT","https://github.com/jestjs/jest"
"jest-worker@29.7.0","MIT","https://github.com/jestjs/jest"
"jimp-compact@0.16.1","MIT","https://github.com/nuxt-community/jimp-compact"
"js-tokens@4.0.0","MIT","https://github.com/lydell/js-tokens"
"js-yaml@3.14.2","MIT","https://github.com/nodeca/js-yaml"
"js-yaml@4.1.1","MIT","https://github.com/nodeca/js-yaml"
"jsc-safe-url@0.2.4","0BSD","https://github.com/robhogan/jsc-safe-url"
"jsesc@3.1.0","MIT","https://github.com/mathiasbynens/jsesc"
"json-schema-traverse@1.0.0","MIT","https://github.com/epoberezkin/json-schema-traverse"
"json5@2.2.3","MIT","https://github.com/json5/json5"
"kleur@3.0.3","MIT","https://github.com/lukeed/kleur"
"lan-network@0.1.7","MIT","https://github.com/kitten/lan-network"
"leven@3.1.0","MIT","https://github.com/sindresorhus/leven"
"lighthouse-logger@1.4.2","Apache-2.0",""
"lightningcss-win32-x64-msvc@1.31.1","MPL-2.0","https://github.com/parcel-bundler/lightningcss"
"lightningcss@1.31.1","MPL-2.0","https://github.com/parcel-bundler/lightningcss"
"lines-and-columns@1.2.4","MIT","https://github.com/eventualbuddha/lines-and-columns"
"locate-path@5.0.0","MIT","https://github.com/sindresorhus/locate-path"
"lodash.debounce@4.0.8","MIT","https://github.com/lodash/lodash"
"lodash.throttle@4.1.1","MIT","https://github.com/lodash/lodash"
"log-symbols@2.2.0","MIT","https://github.com/sindresorhus/log-symbols"
"loose-envify@1.4.0","MIT","https://github.com/zertosh/loose-envify"
"lru-cache@10.4.3","ISC","https://github.com/isaacs/node-lru-cache"
"lru-cache@11.2.4","BlueOak-1.0.0","https://github.com/isaacs/node-lru-cache"
"lru-cache@5.1.1","ISC","https://github.com/isaacs/node-lru-cache"
"makeerror@1.0.12","BSD-3-Clause","https://github.com/daaku/nodejs-makeerror"
"marky@1.3.0","Apache-2.0","https://github.com/nolanlawson/marky"
"math-intrinsics@1.1.0","MIT","https://github.com/es-shims/math-intrinsics"
"memoize-one@5.2.1","MIT","https://github.com/alexreardon/memoize-one"
"merge-options@3.0.4","MIT","https://github.com/schnittstabil/merge-options"
"merge-stream@2.0.0","MIT","https://github.com/grncdr/merge-stream"
"metro-babel-transformer@0.83.3","MIT","https://github.com/facebook/metro"
"metro-cache-key@0.83.3","MIT","https://github.com/facebook/metro"
"metro-cache@0.83.3","MIT","https://github.com/facebook/metro"
"metro-config@0.83.3","MIT","https://github.com/facebook/metro"
"metro-core@0.83.3","MIT","https://github.com/facebook/metro"
"metro-file-map@0.83.3","MIT","https://github.com/facebook/metro"
"metro-minify-terser@0.83.3","MIT","https://github.com/facebook/metro"
"metro-resolver@0.83.3","MIT","https://github.com/facebook/metro"
"metro-runtime@0.83.3","MIT","https://github.com/facebook/metro"
"metro-source-map@0.83.3","MIT","https://github.com/facebook/metro"
"metro-symbolicate@0.83.3","MIT","https://github.com/facebook/metro"
"metro-transform-plugins@0.83.3","MIT","https://github.com/facebook/metro"
"metro-transform-worker@0.83.3","MIT","https://github.com/facebook/metro"
"metro@0.83.3","MIT","https://github.com/facebook/metro"
"micromatch@4.0.8","MIT","https://github.com/micromatch/micromatch"
"mime-db@1.52.0","MIT","https://github.com/jshttp/mime-db"
"mime-types@2.1.35","MIT","https://github.com/jshttp/mime-types"
"mime@1.6.0","MIT","https://github.com/broofa/node-mime"
"mimic-fn@1.2.0","MIT","https://github.com/sindresorhus/mimic-fn"
"minimatch@10.1.1","BlueOak-1.0.0","https://github.com/isaacs/minimatch"
"minimatch@10.1.2","BlueOak-1.0.0","https://github.com/isaacs/minimatch"
"minimatch@3.1.2","ISC","https://github.com/isaacs/minimatch"
"minimatch@9.0.5","ISC","https://github.com/isaacs/minimatch"
"minimist@1.2.8","MIT","https://github.com/minimistjs/minimist"
"minipass@7.1.2","ISC","https://github.com/isaacs/minipass"
"minizlib@3.1.0","MIT","https://github.com/isaacs/minizlib"
"mkdirp@1.0.4","MIT","https://github.com/isaacs/node-mkdirp"
"ms@2.0.0","MIT","https://github.com/zeit/ms"
"ms@2.1.3","MIT","https://github.com/vercel/ms"
"mz@2.7.0","MIT","https://github.com/normalize/mz"
"nanoid@3.3.11","MIT","https://github.com/ai/nanoid"
"negotiator@0.6.3","MIT","https://github.com/jshttp/negotiator"
"negotiator@0.6.4","MIT","https://github.com/jshttp/negotiator"
"nested-error-stacks@2.0.1","MIT","https://github.com/mdlavin/nested-error-stacks"
"node-forge@1.3.3","(BSD-3-Clause OR GPL-2.0)","https://github.com/digitalbazaar/forge"
"node-int64@0.4.0","MIT","https://github.com/broofa/node-int64"
"node-releases@2.0.27","MIT","https://github.com/chicoxyzzy/node-releases"
"normalize-path@3.0.0","MIT","https://github.com/jonschlinkert/normalize-path"
"npm-package-arg@11.0.3","ISC","https://github.com/npm/npm-package-arg"
"nullthrows@1.1.1","MIT","https://github.com/zertosh/nullthrows"
"ob1@0.83.3","MIT","https://github.com/facebook/metro"
"object-assign@4.1.1","MIT","https://github.com/sindresorhus/object-assign"
"object-is@1.1.6","MIT","https://github.com/es-shims/object-is"
"object-keys@1.1.1","MIT","https://github.com/ljharb/object-keys"
"object.assign@4.1.7","MIT","https://github.com/ljharb/object.assign"
"on-finished@2.3.0","MIT","https://github.com/jshttp/on-finished"
"on-finished@2.4.1","MIT","https://github.com/jshttp/on-finished"
"on-headers@1.1.0","MIT","https://github.com/jshttp/on-headers"
"once@1.4.0","ISC","https://github.com/isaacs/once"
"onetime@2.0.1","MIT","https://github.com/sindresorhus/onetime"
"open@7.4.2","MIT","https://github.com/sindresorhus/open"
"open@8.4.2","MIT","https://github.com/sindresorhus/open"
"ora@3.4.0","MIT","https://github.com/sindresorhus/ora"
"p-limit@2.3.0","MIT","https://github.com/sindresorhus/p-limit"
"p-limit@3.1.0","MIT","https://github.com/sindresorhus/p-limit"
"p-locate@4.1.0","MIT","https://github.com/sindresorhus/p-locate"
"p-try@2.2.0","MIT","https://github.com/sindresorhus/p-try"
"parse-png@2.1.0","MIT","https://github.com/kevva/parse-png"
"parseurl@1.3.3","MIT","https://github.com/pillarjs/parseurl"
"path-exists@4.0.0","MIT","https://github.com/sindresorhus/path-exists"
"path-is-absolute@1.0.1","MIT","https://github.com/sindresorhus/path-is-absolute"
"path-key@3.1.1","MIT","https://github.com/sindresorhus/path-key"
"path-parse@1.0.7","MIT","https://github.com/jbgutierrez/path-parse"
"path-scurry@2.0.1","BlueOak-1.0.0","https://github.com/isaacs/path-scurry"
"picocolors@1.1.1","ISC","https://github.com/alexeyraspopov/picocolors"
"picomatch@2.3.1","MIT","https://github.com/micromatch/picomatch"
"picomatch@3.0.1","MIT","https://github.com/micromatch/picomatch"
"picomatch@4.0.3","MIT","https://github.com/micromatch/picomatch"
"pirates@4.0.7","MIT","https://github.com/danez/pirates"
"plist@3.1.0","MIT","https://github.com/TooTallNate/node-plist"
"pngjs@3.4.0","MIT","https://github.com/lukeapage/pngjs2"
"pngjs@5.0.0","MIT","https://github.com/lukeapage/pngjs"
"possible-typed-array-names@1.1.0","MIT","https://github.com/ljharb/possible-typed-array-names"
"postcss@8.4.49","MIT","https://github.com/postcss/postcss"
"pretty-bytes@5.6.0","MIT","https://github.com/sindresorhus/pretty-bytes"
"pretty-format@29.7.0","MIT","https://github.com/jestjs/jest"
"proc-log@4.2.0","ISC","https://github.com/npm/proc-log"
"progress@2.0.3","MIT","https://github.com/visionmedia/node-progress"
"promise@8.3.0","MIT","https://github.com/then/promise"
"prompts@2.4.2","MIT","https://github.com/terkelg/prompts"
"punycode@2.3.1","MIT","https://github.com/mathiasbynens/punycode.js"
"qrcode-terminal@0.11.0","Apache 2.0","https://github.com/gtanner/qrcode-terminal"
"qrcode@1.5.4","MIT","https://github.com/soldair/node-qrcode"
"queue@6.0.2","MIT","https://github.com/jessetane/queue"
"range-parser@1.2.1","MIT","https://github.com/jshttp/range-parser"
"rc@1.2.8","(BSD-2-Clause OR MIT OR Apache-2.0)","https://github.com/dominictarr/rc"
"react-devtools-core@6.1.5","MIT","https://github.com/facebook/react"
"react-is@16.13.1","MIT","https://github.com/facebook/react"
"react-is@18.3.1","MIT","https://github.com/facebook/react"
"react-native-confetti-cannon@1.5.2","MIT*",""
"react-native-gesture-handler@2.28.0","MIT","https://github.com/software-mansion/react-native-gesture-handler"
"react-native-is-edge-to-edge@1.2.1","MIT","https://github.com/zoontek/react-native-edge-to-edge"
"react-native-maps@1.20.1","MIT","https://github.com/react-native-maps/react-native-maps"
"react-native-plaid-link-sdk@12.7.0","MIT",""
"react-native-reanimated@4.1.6","MIT","https://github.com/software-mansion/react-native-reanimated"
"react-native-safe-area-context@5.6.2","MIT","https://github.com/AppAndFlow/react-native-safe-area-context"
"react-native-url-polyfill@3.0.0","MIT","https://github.com/charpeni/react-native-url-polyfill"
"react-native-worklets@0.5.1","MIT","https://github.com/software-mansion/react-native-reanimated"
"react-native@0.81.5","MIT","https://github.com/facebook/react-native"
"react-refresh@0.14.2","MIT","https://github.com/facebook/react"
"react@19.1.0","MIT","https://github.com/facebook/react"
"regenerate-unicode-properties@10.2.2","MIT","https://github.com/mathiasbynens/regenerate-unicode-properties"
"regenerate@1.4.2","MIT","https://github.com/mathiasbynens/regenerate"
"regenerator-runtime@0.13.11","MIT","https://github.com/facebook/regenerator/tree/main/packages/runtime"
"regexpu-core@6.4.0","MIT","https://github.com/mathiasbynens/regexpu-core"
"regjsgen@0.8.0","MIT","https://github.com/bnjmnt4n/regjsgen"
"regjsparser@0.13.0","BSD-2-Clause","https://github.com/jviereck/regjsparser"
"require-directory@2.1.1","MIT","https://github.com/troygoode/node-require-directory"
"require-from-string@2.0.2","MIT","https://github.com/floatdrop/require-from-string"
"require-main-filename@2.0.0","ISC","https://github.com/yargs/require-main-filename"
"requireg@0.2.2","MIT","https://github.com/h2non/requireg"
"resolve-from@5.0.0","MIT","https://github.com/sindresorhus/resolve-from"
"resolve-global@1.0.0","MIT","https://github.com/sindresorhus/resolve-global"
"resolve-workspace-root@2.0.1","MIT","https://github.com/byCedric/resolve-workspace-root"
"resolve.exports@2.0.3","MIT","https://github.com/lukeed/resolve.exports"
"resolve@1.22.11","MIT","https://github.com/browserify/resolve"
"resolve@1.7.1","MIT","https://github.com/browserify/resolve"
"restore-cursor@2.0.0","MIT","https://github.com/sindresorhus/restore-cursor"
"rimraf@3.0.2","ISC","https://github.com/isaacs/rimraf"
"safe-buffer@5.2.1","MIT","https://github.com/feross/safe-buffer"
"safe-regex-test@1.1.0","MIT","https://github.com/ljharb/safe-regex-test"
"sax@1.4.4","BlueOak-1.0.0","https://github.com/isaacs/sax-js"
"scheduler@0.26.0","MIT","https://github.com/facebook/react"
"semver@6.3.1","ISC","https://github.com/npm/node-semver"
"semver@7.7.2","ISC","https://github.com/npm/node-semver"
"semver@7.7.3","ISC","https://github.com/npm/node-semver"
"semver@7.7.4","ISC","https://github.com/npm/node-semver"
"send@0.19.2","MIT","https://github.com/pillarjs/send"
"serialize-error@2.1.0","MIT","https://github.com/sindresorhus/serialize-error"
"serve-static@1.16.3","MIT","https://github.com/expressjs/serve-static"
"set-blocking@2.0.0","ISC","https://github.com/yargs/set-blocking"
"set-function-length@1.2.2","MIT","https://github.com/ljharb/set-function-length"
"setprototypeof@1.2.0","ISC","https://github.com/wesleytodd/setprototypeof"
"shebang-command@2.0.0","MIT","https://github.com/kevva/shebang-command"
"shebang-regex@3.0.0","MIT","https://github.com/sindresorhus/shebang-regex"
"shell-quote@1.8.3","MIT","https://github.com/ljharb/shell-quote"
"signal-exit@3.0.7","ISC","https://github.com/tapjs/signal-exit"
"simple-plist@1.3.1","MIT","https://github.com/wollardj/simple-plist"
"sisteransi@1.0.5","MIT","https://github.com/terkelg/sisteransi"
"slash@3.0.0","MIT","https://github.com/sindresorhus/slash"
"slugify@1.6.6","MIT","https://github.com/simov/slugify"
"source-map-js@1.2.1","BSD-3-Clause","https://github.com/7rulnik/source-map-js"
"source-map-support@0.5.21","MIT","https://github.com/evanw/node-source-map-support"
"source-map@0.5.7","BSD-3-Clause","https://github.com/mozilla/source-map"
"source-map@0.6.1","BSD-3-Clause","https://github.com/mozilla/source-map"
"sprintf-js@1.0.3","BSD-3-Clause","https://github.com/alexei/sprintf.js"
"stack-utils@2.0.6","MIT","https://github.com/tapjs/stack-utils"
"stackframe@1.3.4","MIT","https://github.com/stacktracejs/stackframe"
"stacktrace-parser@0.1.11","MIT","https://github.com/errwischt/stacktrace-parser"
"statuses@1.5.0","MIT","https://github.com/jshttp/statuses"
"statuses@2.0.2","MIT","https://github.com/jshttp/statuses"
"stream-buffers@2.2.0","Unlicense","https://github.com/samcday/node-stream-buffer"
"string-width@4.2.3","MIT","https://github.com/sindresorhus/string-width"
"strip-ansi@5.2.0","MIT","https://github.com/chalk/strip-ansi"
"strip-ansi@6.0.1","MIT","https://github.com/chalk/strip-ansi"
"strip-json-comments@2.0.1","MIT","https://github.com/sindresorhus/strip-json-comments"
"structured-headers@0.4.1","MIT","https://github.com/evert/structured-header"
"sucrase@3.35.1","MIT","https://github.com/alangpierce/sucrase"
"supports-color@5.5.0","MIT","https://github.com/chalk/supports-color"
"supports-color@7.2.0","MIT","https://github.com/chalk/supports-color"
"supports-color@8.1.1","MIT","https://github.com/chalk/supports-color"
"supports-hyperlinks@2.3.0","MIT","https://github.com/jamestalmage/supports-hyperlinks"
"supports-preserve-symlinks-flag@1.0.0","MIT","https://github.com/inspect-js/node-supports-preserve-symlinks-flag"
"tar@7.5.7","BlueOak-1.0.0","https://github.com/isaacs/node-tar"
"temp-dir@2.0.0","MIT","https://github.com/sindresorhus/temp-dir"
"terminal-link@2.1.1","MIT","https://github.com/sindresorhus/terminal-link"
"terser@5.46.0","BSD-2-Clause","https://github.com/terser/terser"
"test-exclude@6.0.0","ISC","https://github.com/istanbuljs/test-exclude"
"thenify-all@1.6.0","MIT","https://github.com/thenables/thenify-all"
"thenify@3.3.1","MIT","https://github.com/thenables/thenify"
"throat@5.0.0","MIT","https://github.com/ForbesLindesay/throat"
"tinyglobby@0.2.15","MIT","https://github.com/SuperchupuDev/tinyglobby"
"tmpl@1.0.5","BSD-3-Clause","https://github.com/daaku/nodejs-tmpl"
"to-regex-range@5.0.1","MIT","https://github.com/micromatch/to-regex-range"
"toidentifier@1.0.1","MIT","https://github.com/component/toidentifier"
"ts-interface-checker@0.1.13","Apache-2.0","https://github.com/gristlabs/ts-interface-checker"
"tslib@2.8.1","0BSD","https://github.com/Microsoft/tslib"
"type-detect@4.0.8","MIT","https://github.com/chaijs/type-detect"
"type-fest@0.21.3","(MIT OR CC0-1.0)","https://github.com/sindresorhus/type-fest"
"type-fest@0.7.1","(MIT OR CC0-1.0)","https://github.com/sindresorhus/type-fest"
"ua-parser-js@0.7.41","MIT","https://github.com/faisalman/ua-parser-js"
"undici-types@7.16.0","MIT","https://github.com/nodejs/undici"
"undici@6.23.0","MIT","https://github.com/nodejs/undici"
"unicode-canonical-property-names-ecmascript@2.0.1","MIT","https://github.com/mathiasbynens/unicode-canonical-property-names-ecmascript"
"unicode-match-property-ecmascript@2.0.0","MIT","https://github.com/mathiasbynens/unicode-match-property-ecmascript"
"unicode-match-property-value-ecmascript@2.2.1","MIT","https://github.com/mathiasbynens/unicode-match-property-value-ecmascript"
"unicode-property-aliases-ecmascript@2.2.0","MIT","https://github.com/mathiasbynens/unicode-property-aliases-ecmascript"
"unique-string@2.0.0","MIT","https://github.com/sindresorhus/unique-string"
"unpipe@1.0.0","MIT","https://github.com/stream-utils/unpipe"
"update-browserslist-db@1.2.3","MIT","https://github.com/browserslist/update-db"
"util@0.12.5","MIT","https://github.com/browserify/node-util"
"utils-merge@1.0.1","MIT","https://github.com/jaredhanson/utils-merge"
"uuid@7.0.3","MIT","https://github.com/uuidjs/uuid"
"validate-npm-package-name@5.0.1","ISC","https://github.com/npm/validate-npm-package-name"
"vary@1.1.2","MIT","https://github.com/jshttp/vary"
"vlq@1.0.1","MIT","https://github.com/Rich-Harris/vlq"
"walker@1.0.8","Apache-2.0","https://github.com/daaku/nodejs-walker"
"wcwidth@1.0.1","MIT","https://github.com/timoxley/wcwidth"
"webidl-conversions@5.0.0","BSD-2-Clause","https://github.com/jsdom/webidl-conversions"
"wello@1.0.0","Custom: https://",""
"whatwg-fetch@3.6.20","MIT","https://github.com/github/fetch"
"whatwg-url-without-unicode@8.0.0-3","MIT","https://github.com/charpeni/whatwg-url"
"which-module@2.0.1","ISC","https://github.com/nexdrew/which-module"
"which-typed-array@1.1.20","MIT","https://github.com/inspect-js/which-typed-array"
"which@2.0.2","ISC","https://github.com/isaacs/node-which"
"wonka@6.3.5","MIT","https://github.com/0no-co/wonka"
"wrap-ansi@6.2.0","MIT","https://github.com/chalk/wrap-ansi"
"wrap-ansi@7.0.0","MIT","https://github.com/chalk/wrap-ansi"
"wrappy@1.0.2","ISC","https://github.com/npm/wrappy"
"write-file-atomic@4.0.2","ISC","https://github.com/npm/write-file-atomic"
"ws@6.2.3","MIT","https://github.com/websockets/ws"
"ws@7.5.10","MIT","https://github.com/websockets/ws"
"ws@8.19.0","MIT","https://github.com/websockets/ws"
"xcode@3.0.1","Apache-2.0","https://github.com/apache/cordova-node-xcode"
"xml2js@0.6.0","MIT","https://github.com/Leonidas-from-XIV/node-xml2js"
"xmlbuilder@11.0.1","MIT","https://github.com/oozcitak/xmlbuilder-js"
"xmlbuilder@15.1.1","MIT","https://github.com/oozcitak/xmlbuilder-js"
"y18n@4.0.3","ISC","https://github.com/yargs/y18n"
"y18n@5.0.8","ISC","https://github.com/yargs/y18n"
"yallist@3.1.1","ISC","https://github.com/isaacs/yallist"
"yallist@5.0.0","BlueOak-1.0.0","https://github.com/isaacs/yallist"
"yaml@2.8.2","ISC","https://github.com/eemeli/yaml"
"yargs-parser@18.1.3","ISC","https://github.com/yargs/yargs-parser"
"yargs-parser@21.1.1","ISC","https://github.com/yargs/yargs-parser"
"yargs@15.4.1","MIT","https://github.com/yargs/yargs"
"yargs@17.7.2","MIT","https://github.com/yargs/yargs"
"yocto-queue@0.1.0","MIT","https://github.com/sindresorhus/yocto-queue"